<?xml version="1.0" encoding="UTF-8"?>
<office:document-content xmlns:officeooo="http://openoffice.org/2009/office" xmlns:css3t="http://www.w3.org/TR/css3-text/" xmlns:grddl="http://www.w3.org/2003/g/data-view#" xmlns:xhtml="http://www.w3.org/1999/xhtml" xmlns:formx="urn:openoffice:names:experimental:ooxml-odf-interop:xmlns:form:1.0" xmlns:xsi="http://www.w3.org/2001/XMLSchema-instance" xmlns:rpt="http://openoffice.org/2005/report" xmlns:dc="http://purl.org/dc/elements/1.1/" xmlns:chart="urn:oasis:names:tc:opendocument:xmlns:chart:1.0" xmlns:svg="urn:oasis:names:tc:opendocument:xmlns:svg-compatible:1.0" xmlns:draw="urn:oasis:names:tc:opendocument:xmlns:drawing:1.0" xmlns:text="urn:oasis:names:tc:opendocument:xmlns:text:1.0" xmlns:oooc="http://openoffice.org/2004/calc" xmlns:style="urn:oasis:names:tc:opendocument:xmlns:style:1.0" xmlns:ooow="http://openoffice.org/2004/writer" xmlns:meta="urn:oasis:names:tc:opendocument:xmlns:meta:1.0" xmlns:xlink="http://www.w3.org/1999/xlink" xmlns:fo="urn:oasis:names:tc:opendocument:xmlns:xsl-fo-compatible:1.0" xmlns:ooo="http://openoffice.org/2004/office" xmlns:office="urn:oasis:names:tc:opendocument:xmlns:office:1.0" xmlns:dr3d="urn:oasis:names:tc:opendocument:xmlns:dr3d:1.0" xmlns:table="urn:oasis:names:tc:opendocument:xmlns:table:1.0" xmlns:number="urn:oasis:names:tc:opendocument:xmlns:datastyle:1.0" xmlns:of="urn:oasis:names:tc:opendocument:xmlns:of:1.2" xmlns:calcext="urn:org:documentfoundation:names:experimental:calc:xmlns:calcext:1.0" xmlns:tableooo="http://openoffice.org/2009/table" xmlns:drawooo="http://openoffice.org/2010/draw" xmlns:loext="urn:org:documentfoundation:names:experimental:office:xmlns:loext:1.0" xmlns:dom="http://www.w3.org/2001/xml-events" xmlns:field="urn:openoffice:names:experimental:ooo-ms-interop:xmlns:field:1.0" xmlns:xsd="http://www.w3.org/2001/XMLSchema" xmlns:math="http://www.w3.org/1998/Math/MathML" xmlns:form="urn:oasis:names:tc:opendocument:xmlns:form:1.0" xmlns:script="urn:oasis:names:tc:opendocument:xmlns:script:1.0" xmlns:xforms="http://www.w3.org/2002/xforms" office:version="1.3"><office:scripts/><office:font-face-decls><style:font-face style:name="Cascadia Code" svg:font-family="&apos;Cascadia Code&apos;, &apos;Fira Code&apos;, &apos;Droid Sans Mono&apos;, monospace, monospace, &apos;Droid Sans Mono&apos;, monospace, monospace"/><style:font-face style:name="FreeSans" svg:font-family="FreeSans" style:font-family-generic="swiss"/><style:font-face style:name="FreeSans1" svg:font-family="FreeSans" style:font-family-generic="system" style:font-pitch="variable"/><style:font-face style:name="Liberation Sans" svg:font-family="&apos;Liberation Sans&apos;" style:font-family-generic="swiss" style:font-pitch="variable"/><style:font-face style:name="Liberation Serif" svg:font-family="&apos;Liberation Serif&apos;" style:font-family-generic="roman" style:font-pitch="variable"/><style:font-face style:name="Noto Sans CJK SC Regular" svg:font-family="&apos;Noto Sans CJK SC Regular&apos;" style:font-family-generic="system" style:font-pitch="variable"/></office:font-face-decls><office:automatic-styles><style:style style:name="P1" style:family="paragraph" style:parent-style-name="Standard"><style:text-properties officeooo:rsid="0016827d" officeooo:paragraph-rsid="0016827d"/></style:style><style:style style:name="P2" style:family="paragraph" style:parent-style-name="Standard"><style:text-properties officeooo:rsid="001793b1" officeooo:paragraph-rsid="001793b1"/></style:style><style:style style:name="P3" style:family="paragraph" style:parent-style-name="Standard"><style:text-properties officeooo:rsid="00194571" officeooo:paragraph-rsid="00194571"/></style:style><style:style style:name="P4" style:family="paragraph" style:parent-style-name="Standard"><style:text-properties officeooo:rsid="001bb61f" officeooo:paragraph-rsid="001bb61f"/></style:style><style:style style:name="P5" style:family="paragraph" style:parent-style-name="Standard"><style:text-properties officeooo:rsid="00215c48" officeooo:paragraph-rsid="00215c48"/></style:style><style:style style:name="P6" style:family="paragraph" style:parent-style-name="Standard"><style:text-properties officeooo:rsid="00241a4f" officeooo:paragraph-rsid="00241a4f"/></style:style><style:style style:name="P7" style:family="paragraph" style:parent-style-name="Standard"><style:text-properties officeooo:rsid="0024c7ff" officeooo:paragraph-rsid="0024c7ff"/></style:style><style:style style:name="P8" style:family="paragraph" style:parent-style-name="Standard"><style:text-properties officeooo:rsid="00250fa2" officeooo:paragraph-rsid="00250fa2"/></style:style><style:style style:name="P9" style:family="paragraph" style:parent-style-name="Standard"><style:text-properties officeooo:rsid="00263b13" officeooo:paragraph-rsid="00263b13"/></style:style><style:style style:name="P10" style:family="paragraph" style:parent-style-name="Standard"><style:text-properties officeooo:rsid="0027205b" officeooo:paragraph-rsid="0027205b"/></style:style><style:style style:name="P11" style:family="paragraph" style:parent-style-name="Standard"><style:text-properties officeooo:rsid="002bb7c4" officeooo:paragraph-rsid="002bb7c4"/></style:style><style:style style:name="P12" style:family="paragraph" style:parent-style-name="Standard"><style:text-properties officeooo:rsid="00306232" officeooo:paragraph-rsid="00306232"/></style:style><style:style style:name="P13" style:family="paragraph" style:parent-style-name="Standard"><style:text-properties officeooo:rsid="0035dff7" officeooo:paragraph-rsid="0035dff7"/></style:style><style:style style:name="P14" style:family="paragraph" style:parent-style-name="Standard"><style:text-properties officeooo:rsid="00382d37" officeooo:paragraph-rsid="00382d37"/></style:style><style:style style:name="P15" style:family="paragraph" style:parent-style-name="Standard"><style:text-properties officeooo:rsid="003a2765" officeooo:paragraph-rsid="003a2765"/></style:style><style:style style:name="P16" style:family="paragraph" style:parent-style-name="Standard"><style:text-properties officeooo:rsid="00402763" officeooo:paragraph-rsid="00402763"/></style:style><style:style style:name="P17" style:family="paragraph" style:parent-style-name="Standard"><style:text-properties officeooo:rsid="00408e64" officeooo:paragraph-rsid="00408e64"/></style:style><style:style style:name="P18" style:family="paragraph" style:parent-style-name="Standard"><style:text-properties officeooo:rsid="0042884f" officeooo:paragraph-rsid="0042884f"/></style:style><style:style style:name="P19" style:family="paragraph" style:parent-style-name="Standard"><style:text-properties officeooo:rsid="0045162c" officeooo:paragraph-rsid="0045162c"/></style:style><style:style style:name="T1" style:family="text"><style:text-properties officeooo:rsid="00194571"/></style:style><style:style style:name="T2" style:family="text"><style:text-properties officeooo:rsid="001cf480"/></style:style><style:style style:name="T3" style:family="text"><style:text-properties officeooo:rsid="0021a51e"/></style:style><style:style style:name="T4" style:family="text"><style:text-properties officeooo:rsid="00231e45"/></style:style><style:style style:name="T5" style:family="text"><style:text-properties officeooo:rsid="0028b4db"/></style:style><style:style style:name="T6" style:family="text"><style:text-properties officeooo:rsid="00298f6f"/></style:style><style:style style:name="T7" style:family="text"><style:text-properties officeooo:rsid="0029f3c1"/></style:style><style:style style:name="T8" style:family="text"><style:text-properties officeooo:rsid="002c5c9c"/></style:style><style:style style:name="T9" style:family="text"><style:text-properties officeooo:rsid="002de57d"/></style:style><style:style style:name="T10" style:family="text"><style:text-properties officeooo:rsid="002eb705"/></style:style><style:style style:name="T11" style:family="text"><style:text-properties officeooo:rsid="002f7200"/></style:style><style:style style:name="T12" style:family="text"><style:text-properties officeooo:rsid="0030f9f6"/></style:style><style:style style:name="T13" style:family="text"><style:text-properties officeooo:rsid="00320e6e"/></style:style><style:style style:name="T14" style:family="text"><style:text-properties officeooo:rsid="0035a68a"/></style:style><style:style style:name="T15" style:family="text"><style:text-properties officeooo:rsid="0035dabf"/></style:style><style:style style:name="T16" style:family="text"><style:text-properties officeooo:rsid="00366061"/></style:style><style:style style:name="T17" style:family="text"><style:text-properties officeooo:rsid="00408e64"/></style:style><style:style style:name="T18" style:family="text"><style:text-properties officeooo:rsid="00440c80"/></style:style></office:automatic-styles><office:body><office:text><text:sequence-decls><text:sequence-decl text:display-outline-level="0" text:name="Illustration"/><text:sequence-decl text:display-outline-level="0" text:name="Table"/><text:sequence-decl text:display-outline-level="0" text:name="Text"/><text:sequence-decl text:display-outline-level="0" text:name="Drawing"/><text:sequence-decl text:display-outline-level="0" text:name="Figure"/></text:sequence-decls><text:p text:style-name="P1">On va essayer de faire un éclairage en utilisant le modèle de phong (<text:span text:style-name="T1">3</text:span> composante de la lumière).</text:p><text:p text:style-name="P3">(Ambiant, diffus et spéculare) <text:span text:style-name="T2">initialisé dans setDefaultMaterial.</text:span></text:p><text:p text:style-name="P2"/><text:p text:style-name="P4">r g b a correspondent aux ka, kd, ks.</text:p><text:p text:style-name="P4"/><text:p text:style-name="P5"><text:span text:style-name="T4">v</text:span>oid initLights() sert à initialiser <text:span text:style-name="T3">la lumière (position, direction, couleur ambiante, diffuse et specular).</text:span></text:p><text:p text:style-name="P6">(Couleur ambiante la même pour toutes les lumières.</text:p><text:p text:style-name="P6"/><text:p text:style-name="P7">L’éclairage est calculé dans le fragment shader.</text:p><text:p text:style-name="P8"/><text:p text:style-name="P9">Exercice 2 : Calcul de l’ombrage d’un maillage.</text:p><text:p text:style-name="P9"/><text:p text:style-name="P10">1. <text:span text:style-name="T5">Implémenter </text:span><text:span text:style-name="T6">la modulation de la couleur ambiante </text:span><text:span text:style-name="T7">en incrémentant / décrémentant ambientRef.</text:span></text:p><text:p text:style-name="P11"/><text:p text:style-name="P11">On a en haut une référence à la couleur ambiente de l’environnement, il suffit <text:span text:style-name="T8">de l’incrémenter / décrementer puis rappeler l</text:span><text:span text:style-name="T9">a méthode setShaderValues() </text:span><text:span text:style-name="T10">ou directement la méthode concernant l’ambiante </text:span><text:span text:style-name="T11">(qui est aussi dans setShaderValues()).</text:span></text:p><text:p text:style-name="P11"/><text:p text:style-name="P12">2. <text:span text:style-name="T12">Dans le fragment shader.</text:span><text:span text:style-name="T14">fr</text:span><text:span text:style-name="T15">a</text:span><text:span text:style-name="T14">g</text:span><text:span text:style-name="T12"> </text:span><text:span text:style-name="T13">ajoter la composante diffuse en calculant l’éclairage de la lumière 0.</text:span></text:p><text:p text:style-name="P12"/><text:p text:style-name="P13">Dans le fragment, on rajoute ces lignes là</text:p><text:p text:style-name="P13"/><text:p text:style-name="P13"><text:s/>vec4 Isd = gl_LightSource[0].diffuse;</text:p><text:p text:style-name="P13"><text:s/>vec4 Kd = gl_FrontMaterial.diffuse;</text:p><text:p text:style-name="P13"><text:s/>vec4 Id = Isd * Kd * ();</text:p><text:p text:style-name="P13"/><text:p text:style-name="P13">Il faut maintenant <text:span text:style-name="T16">rajouter l’angle entre N et L.</text:span></text:p><text:p text:style-name="P15">Un vecteur = Poit d’arrivé moins point de départ.</text:p><text:p text:style-name="P15"/><text:p text:style-name="P13">vec3 L = normalize(n – gl_LightSource[0].position.xyz);</text:p><text:p text:style-name="P13"/><text:p text:style-name="P16">On ajoute ensuite la composante à I.</text:p><text:p text:style-name="P13">I += Id * diffuseRef;</text:p><text:p text:style-name="P13"/><text:p text:style-name="P14">3. <text:span text:style-name="T17">La même chose que pour le 2</text:span></text:p><text:p text:style-name="P14"/><text:p text:style-name="P17">4. La même chose que pour le 1</text:p><text:p text:style-name="P17"/><text:p text:style-name="P18">Exercice 3 <text:span text:style-name="T18">Cel Shading </text:span></text:p><text:p text:style-name="P18"/><text:p text:style-name="P19">Putain c’est trop cool.</text:p><text:p text:style-name="P19"/><text:p text:style-name="P19"/><text:p text:style-name="P18"/></office:text></office:body></office:document-content>