<?xml version="1.0" encoding="UTF-8"?>
<office:document-content xmlns:officeooo="http://openoffice.org/2009/office" xmlns:css3t="http://www.w3.org/TR/css3-text/" xmlns:grddl="http://www.w3.org/2003/g/data-view#" xmlns:xhtml="http://www.w3.org/1999/xhtml" xmlns:formx="urn:openoffice:names:experimental:ooxml-odf-interop:xmlns:form:1.0" xmlns:xsi="http://www.w3.org/2001/XMLSchema-instance" xmlns:rpt="http://openoffice.org/2005/report" xmlns:dc="http://purl.org/dc/elements/1.1/" xmlns:chart="urn:oasis:names:tc:opendocument:xmlns:chart:1.0" xmlns:svg="urn:oasis:names:tc:opendocument:xmlns:svg-compatible:1.0" xmlns:draw="urn:oasis:names:tc:opendocument:xmlns:drawing:1.0" xmlns:text="urn:oasis:names:tc:opendocument:xmlns:text:1.0" xmlns:oooc="http://openoffice.org/2004/calc" xmlns:style="urn:oasis:names:tc:opendocument:xmlns:style:1.0" xmlns:ooow="http://openoffice.org/2004/writer" xmlns:meta="urn:oasis:names:tc:opendocument:xmlns:meta:1.0" xmlns:xlink="http://www.w3.org/1999/xlink" xmlns:fo="urn:oasis:names:tc:opendocument:xmlns:xsl-fo-compatible:1.0" xmlns:ooo="http://openoffice.org/2004/office" xmlns:office="urn:oasis:names:tc:opendocument:xmlns:office:1.0" xmlns:dr3d="urn:oasis:names:tc:opendocument:xmlns:dr3d:1.0" xmlns:table="urn:oasis:names:tc:opendocument:xmlns:table:1.0" xmlns:number="urn:oasis:names:tc:opendocument:xmlns:datastyle:1.0" xmlns:of="urn:oasis:names:tc:opendocument:xmlns:of:1.2" xmlns:calcext="urn:org:documentfoundation:names:experimental:calc:xmlns:calcext:1.0" xmlns:tableooo="http://openoffice.org/2009/table" xmlns:drawooo="http://openoffice.org/2010/draw" xmlns:loext="urn:org:documentfoundation:names:experimental:office:xmlns:loext:1.0" xmlns:dom="http://www.w3.org/2001/xml-events" xmlns:field="urn:openoffice:names:experimental:ooo-ms-interop:xmlns:field:1.0" xmlns:xsd="http://www.w3.org/2001/XMLSchema" xmlns:math="http://www.w3.org/1998/Math/MathML" xmlns:form="urn:oasis:names:tc:opendocument:xmlns:form:1.0" xmlns:script="urn:oasis:names:tc:opendocument:xmlns:script:1.0" xmlns:xforms="http://www.w3.org/2002/xforms" office:version="1.3"><office:scripts/><office:font-face-decls><style:font-face style:name="FreeSans" svg:font-family="FreeSans" style:font-family-generic="swiss"/><style:font-face style:name="FreeSans1" svg:font-family="FreeSans" style:font-family-generic="system" style:font-pitch="variable"/><style:font-face style:name="Liberation Sans" svg:font-family="&apos;Liberation Sans&apos;" style:font-family-generic="swiss" style:font-pitch="variable"/><style:font-face style:name="Liberation Serif" svg:font-family="&apos;Liberation Serif&apos;" style:font-family-generic="roman" style:font-pitch="variable"/><style:font-face style:name="Noto Sans CJK SC Regular" svg:font-family="&apos;Noto Sans CJK SC Regular&apos;" style:font-family-generic="system" style:font-pitch="variable"/></office:font-face-decls><office:automatic-styles><style:style style:name="P1" style:family="paragraph" style:parent-style-name="Standard"><style:text-properties fo:language="zxx" fo:country="none" officeooo:rsid="001004ab" officeooo:paragraph-rsid="001004ab" style:language-asian="zxx" style:country-asian="none" style:language-complex="zxx" style:country-complex="none"/></style:style><style:style style:name="P2" style:family="paragraph" style:parent-style-name="Standard"><style:text-properties fo:language="zxx" fo:country="none" officeooo:rsid="00101e3e" officeooo:paragraph-rsid="00101e3e" style:language-asian="zxx" style:country-asian="none" style:language-complex="zxx" style:country-complex="none"/></style:style><style:style style:name="P3" style:family="paragraph" style:parent-style-name="Standard"><style:text-properties fo:language="zxx" fo:country="none" officeooo:rsid="00103300" officeooo:paragraph-rsid="00103300" style:language-asian="zxx" style:country-asian="none" style:language-complex="zxx" style:country-complex="none"/></style:style><style:style style:name="P4" style:family="paragraph" style:parent-style-name="Standard"><style:text-properties fo:language="zxx" fo:country="none" officeooo:rsid="0014203d" officeooo:paragraph-rsid="0014203d" style:language-asian="zxx" style:country-asian="none" style:language-complex="zxx" style:country-complex="none"/></style:style><style:style style:name="P5" style:family="paragraph" style:parent-style-name="Standard"><style:text-properties fo:language="zxx" fo:country="none" officeooo:rsid="00163598" officeooo:paragraph-rsid="00163598" style:language-asian="zxx" style:country-asian="none" style:language-complex="zxx" style:country-complex="none"/></style:style><style:style style:name="P6" style:family="paragraph" style:parent-style-name="Standard"><style:text-properties fo:language="zxx" fo:country="none" officeooo:rsid="00188b47" officeooo:paragraph-rsid="00188b47" style:language-asian="zxx" style:country-asian="none" style:language-complex="zxx" style:country-complex="none"/></style:style><style:style style:name="P7" style:family="paragraph" style:parent-style-name="Standard"><style:text-properties fo:language="zxx" fo:country="none" officeooo:rsid="001fb875" officeooo:paragraph-rsid="001fb875" style:language-asian="zxx" style:country-asian="none" style:language-complex="zxx" style:country-complex="none"/></style:style><style:style style:name="P8" style:family="paragraph" style:parent-style-name="Standard"><style:text-properties fo:language="zxx" fo:country="none" officeooo:rsid="002100d1" officeooo:paragraph-rsid="002100d1" style:language-asian="zxx" style:country-asian="none" style:language-complex="zxx" style:country-complex="none"/></style:style><style:style style:name="T1" style:family="text"><style:text-properties officeooo:rsid="00111cd8"/></style:style><style:style style:name="T2" style:family="text"><style:text-properties officeooo:rsid="0012d825"/></style:style><style:style style:name="T3" style:family="text"><style:text-properties officeooo:rsid="00136ffe"/></style:style><style:style style:name="T4" style:family="text"><style:text-properties officeooo:rsid="00158a64"/></style:style><style:style style:name="T5" style:family="text"><style:text-properties officeooo:rsid="001690ab"/></style:style><style:style style:name="T6" style:family="text"><style:text-properties officeooo:rsid="0017314c"/></style:style><style:style style:name="T7" style:family="text"><style:text-properties officeooo:rsid="001a6498"/></style:style><style:style style:name="T8" style:family="text"><style:text-properties officeooo:rsid="001bee19"/></style:style><style:style style:name="T9" style:family="text"><style:text-properties officeooo:rsid="001c45a6"/></style:style><style:style style:name="T10" style:family="text"><style:text-properties officeooo:rsid="001d7f7e"/></style:style><style:style style:name="T11" style:family="text"><style:text-properties officeooo:rsid="001d91e2"/></style:style><style:style style:name="T12" style:family="text"><style:text-properties officeooo:rsid="001eeb55"/></style:style><style:style style:name="T13" style:family="text"><style:text-properties officeooo:rsid="002100d1"/></style:style><style:style style:name="T14" style:family="text"><style:text-properties officeooo:rsid="0021f0b5"/></style:style><style:style style:name="T15" style:family="text"><style:text-properties officeooo:rsid="00225662"/></style:style><style:style style:name="T16" style:family="text"><style:text-properties officeooo:rsid="00225838"/></style:style><style:style style:name="T17" style:family="text"><style:text-properties officeooo:rsid="00243463"/></style:style></office:automatic-styles><office:body><office:text><text:sequence-decls><text:sequence-decl text:display-outline-level="0" text:name="Illustration"/><text:sequence-decl text:display-outline-level="0" text:name="Table"/><text:sequence-decl text:display-outline-level="0" text:name="Text"/><text:sequence-decl text:display-outline-level="0" text:name="Drawing"/><text:sequence-decl text:display-outline-level="0" text:name="Figure"/></text:sequence-decls><text:p text:style-name="P1">Notes TP :</text:p><text:p text:style-name="P1"/><text:p text:style-name="P2">Obtenir un maillage résultant d’une interpolation entre les maillages chargés mesh_pose_0 et mesh_pose_1 dans un premier temps.</text:p><text:p text:style-name="P2">Dans un second temps, on passera par un troisième mesh, mesh_pose_2.</text:p><text:p text:style-name="P2"/><text:p text:style-name="P3">1.</text:p><text:p text:style-name="P3">Remplir la fonction updateAnimation() pour mettre à jour les positions <text:span text:style-name="T1">du maillage courant affiché (current_mesh </text:span><text:span text:style-name="T2">comme étant une interpolation linéaire des positions des sommets des maillages mesh_pose_0 et mesh_pose_1 </text:span><text:span text:style-name="T3">avec interpolant1 comme facteur</text:span><text:span text:style-name="T1">).</text:span></text:p><text:p text:style-name="P3"/><text:p text:style-name="P4">Pour réaliser cette étape, il faut mettre à jour la variable V<text:span text:style-name="T4">[i]</text:span>.position;</text:p><text:p text:style-name="P5">On vient interpoler chaque <text:span text:style-name="T5">point ne notre mesh avec u</text:span><text:span text:style-name="T6">ne nouvelle position calculé </text:span><text:span text:style-name="T7">linéairement par la fonction linéaire </text:span><text:span text:style-name="T8">(1 – u)*p + u*q </text:span><text:span text:style-name="T9">avec u étant le poids </text:span><text:span text:style-name="T10">w</text:span><text:span text:style-name="T15">1 </text:span><text:span text:style-name="T11">et p et q </text:span><text:span text:style-name="T12">nos mesh interpollés</text:span></text:p><text:p text:style-name="P7">(marche pas <text:span text:style-name="T16">ptet qu&apos;il fallait que utiliser b/</text:span><text:span text:style-name="T17">B</text:span>).</text:p><text:p text:style-name="P7"/><text:p text:style-name="P6">2.</text:p><text:p text:style-name="P7">On va appliquer la formul<text:span text:style-name="T13">e du</text:span> polynome à 3 degrès.</text:p><text:p text:style-name="P8">Pour <text:span text:style-name="T14">cela, on prend les poinds normalisés (pour éviter que le dromadaire change de taille).</text:span></text:p><text:p text:style-name="P4"/></office:text></office:body></office:document-content>